<dataStore>
  <id>DataStoreInfoImpl--4e2e3297:1718272d1a1:-7fe2</id>
  <name>datadir_ASAM</name>
  <description>/var/geoserver/datadir/ASAM_data_download</description>
  <type>Directory of spatial files (shapefiles)</type>
  <enabled>true</enabled>
  <workspace>
    <id>WorkspaceInfoImpl--4e2e3297:1718272d1a1:-7fe4</id>
  </workspace>
  <connectionParameters>
    <entry key="charset">ISO-8859-1</entry>
    <entry key="filetype">shapefile</entry>
    <entry key="create spatial index">true</entry>
    <entry key="memory mapped buffer">false</entry>
    <entry key="timezone">Etc/UTC</entry>
    <entry key="enable spatial index">true</entry>
    <entry key="namespace">http://localhost:8080/geoserver/prova</entry>
    <entry key="cache and reuse memory maps">true</entry>
    <entry key="url">file:asam_data_download</entry>
    <entry key="fstype">shape</entry>
  </connectionParameters>
  <__default>false</__default>
  <dateCreated>2020-04-16 11:43:12.933 UTC</dateCreated>
</dataStore>