<featureType>
  <id>FeatureTypeInfoImpl--4e2e3297:1718272d1a1:-7fe1</id>
  <name>ASAM_events</name>
  <nativeName>ASAM_events</nativeName>
  <namespace>
    <id>NamespaceInfoImpl--4e2e3297:1718272d1a1:-7fe3</id>
  </namespace>
  <title>ASAM_events</title>
  <keywords>
    <string>features</string>
    <string>ASAM_events</string>
  </keywords>
  <nativeCRS>GEOGCS[&quot;WGS 84&quot;, 
  DATUM[&quot;World Geodetic System 1984&quot;, 
    SPHEROID[&quot;WGS 84&quot;, 6378137.0, 298.257223563, AUTHORITY[&quot;EPSG&quot;,&quot;7030&quot;]], 
    AUTHORITY[&quot;EPSG&quot;,&quot;6326&quot;]], 
  PRIMEM[&quot;Greenwich&quot;, 0.0, AUTHORITY[&quot;EPSG&quot;,&quot;8901&quot;]], 
  UNIT[&quot;degree&quot;, 0.017453292519943295], 
  AXIS[&quot;Geodetic longitude&quot;, EAST], 
  AXIS[&quot;Geodetic latitude&quot;, NORTH], 
  AUTHORITY[&quot;EPSG&quot;,&quot;4326&quot;]]</nativeCRS>
  <srs>EPSG:4326</srs>
  <nativeBoundingBox>
    <minx>-173.99999999988583</minx>
    <maxx>178.4333332996091</maxx>
    <miny>-39.0000000000166</miny>
    <maxy>67.78333329958309</maxy>
    <crs>EPSG:4326</crs>
  </nativeBoundingBox>
  <latLonBoundingBox>
    <minx>-173.99999999988583</minx>
    <maxx>178.4333332996091</maxx>
    <miny>-39.0000000000166</miny>
    <maxy>67.78333329958309</maxy>
    <crs>EPSG:4326</crs>
  </latLonBoundingBox>
  <projectionPolicy>FORCE_DECLARED</projectionPolicy>
  <enabled>true</enabled>
  <metadata>
    <entry key="elevation">
      <dimensionInfo>
        <enabled>false</enabled>
      </dimensionInfo>
    </entry>
    <entry key="time">
      <dimensionInfo>
        <enabled>true</enabled>
        <attribute>dateofocc</attribute>
        <endAttribute>dateofocc</endAttribute>
        <presentation>LIST</presentation>
        <units>ISO8601</units>
        <defaultValue>
          <strategy>NEAREST</strategy>
        </defaultValue>
        <nearestMatchEnabled>false</nearestMatchEnabled>
        <rawNearestMatchEnabled>false</rawNearestMatchEnabled>
      </dimensionInfo>
    </entry>
    <entry key="cachingEnabled">false</entry>
  </metadata>
  <store class="dataStore">
    <id>DataStoreInfoImpl--4e2e3297:1718272d1a1:-7fe2</id>
  </store>
  <serviceConfiguration>false</serviceConfiguration>
  <maxFeatures>0</maxFeatures>
  <numDecimals>0</numDecimals>
  <padWithZeros>false</padWithZeros>
  <forcedDecimal>false</forcedDecimal>
  <overridingServiceSRS>false</overridingServiceSRS>
  <skipNumberMatched>false</skipNumberMatched>
  <circularArcPresent>false</circularArcPresent>
</featureType>