<layer>
  <name>ASAM_events</name>
  <id>LayerInfoImpl--4e2e3297:1718272d1a1:-7fe0</id>
  <type>VECTOR</type>
  <defaultStyle>
    <id>StyleInfoImpl--4e2e3297:1718272d1a1:-8000</id>
  </defaultStyle>
  <resource class="featureType">
    <id>FeatureTypeInfoImpl--4e2e3297:1718272d1a1:-7fe1</id>
  </resource>
  <attribution>
    <logoWidth>0</logoWidth>
    <logoHeight>0</logoHeight>
  </attribution>
  <dateCreated>2020-04-16 11:44:13.92 UTC</dateCreated>
  <dateModified>2020-04-16 11:49:40.205 UTC</dateModified>
</layer>